<?xml version="1.0" encoding="UTF-8"?>
<project-private xmlns="http://www.netbeans.org/ns/project-private/1">
    <editor-bookmarks xmlns="http://www.netbeans.org/ns/editor-bookmarks/2" lastBookmarkId="0"/>
    <open-files xmlns="http://www.netbeans.org/ns/projectui-open-files/2">
        <group>
            <file>file:/C:/Users/Rachel/Desktop/Universidad/Progra%203/Verano/Materia/Tareas/Tarea%203/Tarea2/src/tarea2/view/swing/HardwareSwing.java</file>
            <file>file:/C:/Users/Rachel/Desktop/Universidad/Progra%203/Verano/Materia/Tareas/Tarea%203/Tarea2/src/tarea2/Tarea2.java</file>
            <file>file:/C:/Users/Rachel/Desktop/Universidad/Progra%203/Verano/Materia/Tareas/Tarea%203/Tarea2/src/tarea2/model/RadioRelojImpl.java</file>
        </group>
    </open-files>
</project-private>
